{
  "balance": {
    "USDT": 19550.75300971136,
    "ETH": 0.15915571954382743,
    "LINK": 15.174399222517279
  },
  "entry_prices": {
    "ETH": 1992.3103199999998,
    "LINK": 8.708699999999999
  },
  "order_counter": 4,
  "total_orders": 2,
  "failed_orders": 0,
  "last_saved": "2026-02-20T10:13:49.062529"
}